La Florida,Puente Alto,10164
Puente Alto,La Florida,9854
Vitacura,Las Condes,8352
Lo Barnechea,Las Condes,8350
Las Condes,Vitacura,8210
Las Condes,Lo Barnechea,7834
Penalolen,La Florida,6635
Buin,Paine,6629
La Florida,Penalolen,6498
Paine,Buin,5990
Pudahuel,Cerro Navia,5959
Maipu,Pudahuel,5824
Cerro Navia,Pudahuel,5714
Pudahuel,Maipu,5677
El Bosque,San Bernardo,5508
San Bernardo,El Bosque,5357
San Pedro,San Pedro,5342
La Florida,La Granja,5099
La Reina,Las Condes,5089
La Granja,La Florida,5034
Las Condes,Providencia,4901
Maria Pinto,Maria Pinto,4712
Penalolen,Macul,4631
Providencia,Las Condes,4455
San Bernardo,Buin,4413
La Reina,Penalolen,4358
Providencia,Nunoa,4339
Nunoa,Santiago,4324
Quilicura,Lampa,4319
Nunoa,Providencia,4239
Buin,San Bernardo,4225
Recoleta,Huechuraba,4212
Macul,Penalolen,4155
Santiago,Estacion Central,4065
Huechuraba,Recoleta,4056
Santiago,Nunoa,3982
Estacion Central,Maipu,3940
Estacion Central,Santiago,3926
Maipu,Estacion Central,3842
El Monte,Talagante,3774
Providencia,Santiago,3739
Talagante,El Monte,3725
Cerrillos,Maipu,3664
Puente Alto,San Jose de Maipo,3533
Maipu,Padre Hurtado,3526
Maipu,Cerrillos,3451
Santiago,San Miguel,3402
La Cisterna,San Miguel,3386
Lo Barnechea,Vitacura,3312
Lampa,Quilicura,3302
Penalolen,Nunoa,3242
Puente Alto,Pirque,3234
La Reina,Nunoa,3233
Cerro Navia,Renca,3228
San Miguel,Santiago,3139
Santiago,Providencia,3124
Padre Hurtado,Maipu,3106
Conchali,Huechuraba,3094
Nunoa,Macul,3084
Las Condes,Maipu,3075
Pirque,Puente Alto,3047
San Jose de Maipo,Puente Alto,3041
Colina,Lampa,3012
Estacion Central,Pudahuel,2995
Pudahuel,Lo Prado,2990
Macul,Nunoa,2981
La Florida,Santiago,2902
Las Condes,Nunoa,2901
Conchali,Recoleta,2892
Pudahuel,Estacion Central,2886
Renca,Cerro Navia,2884
Vitacura,Lo Barnechea,2882
Lo Prado,Pudahuel,2881
San Miguel,La Cisterna,2863
Maipu,Santiago,2851
Estacion Central,Lo Prado,2813
Nunoa,Penalolen,2771
Recoleta,Conchali,2768
Puente Alto,La Pintana,2741
Lampa,Colina,2729
Maipu,Las Condes,2719
Huechuraba,Conchali,2698
Lo Prado,Estacion Central,2637
Cerro Navia,Quinta Normal,2607
Santiago,Quinta Normal,2593
Recoleta,Santiago,2583
Quinta Normal,Cerro Navia,2550
Quinta Normal,Santiago,2527
Santiago,Recoleta,2507
La Cisterna,San Ramon,2504
La Granja,Puente Alto,2487
San Ramon,La Cisterna,2474
La Reina,Puente Alto,2474
Curacavi,Maria Pinto,2452
Quinta Normal,Lo Prado,2443
San Ramon,La Granja,2431
Lo Prado,Quinta Normal,2385
Santiago,Independencia,2379
Cerrillos,Estacion Central,2365
El Bosque,La Pintana,2362
La Granja,San Ramon,2359
San Joaquin,San Miguel,2345
Nunoa,Las Condes,2345
San Bernardo,La Pintana,2319
Talagante,Isla de Maipo,2316
La Cisterna,Lo Espejo,2307
Estacion Central,Cerrillos,2302
Santiago,Maipu,2296
San Bernardo,Calera de Tango,2279
Isla de Maipo,Talagante,2274
Lo Espejo,La Cisterna,2271
Independencia,Santiago,2258
La Cisterna,El Bosque,2230
Puente Alto,La Granja,2177
Quinta Normal,Estacion Central,2174
La Florida,Macul,2160
Estacion Central,Quinta Normal,2151
San Miguel,San Joaquin,2150
La Reina,Providencia,2146
Quilicura,Colina,2137
Talagante,Penaflor,2127
Pedro Aguirre Cerda,San Miguel,2090
Penaflor,Talagante,2090
Macul,La Florida,2083
Santiago,La Florida,2082
Las Condes,Santiago,2075
Quinta Normal,Renca,2068
Colina,Quilicura,2063
El Bosque,La Cisterna,1987
San Miguel,Pedro Aguirre Cerda,1957
Lo Espejo,Cerrillos,1953
Maria Pinto,Curacavi,1933
Santiago,Las Condes,1924
Renca,Quinta Normal,1919
San Bernardo,Puente Alto,1898
Penaflor,Maipu,1886
Conchali,Quilicura,1876
Penalolen,Las Condes,1837
La Florida,Nunoa,1831
Calera de Tango,San Bernardo,1807
Cerrillos,Lo Espejo,1803
Las Condes,Pudahuel,1800
Las Condes,Penalolen,1794
Recoleta,Independencia,1783
Renca,Conchali,1779
Puente Alto,Santiago,1766
Puente Alto,San Bernardo,1765
Independencia,Recoleta,1762
Maipu,Penaflor,1733
Pudahuel,Renca,1712
Padre Hurtado,Penaflor,1682
Pudahuel,Santiago,1670
Penalolen,Puente Alto,1644
El Monte,Melipilla,1616
Conchali,Renca,1616
Renca,Independencia,1589
Pudahuel,Las Condes,1587
Santiago,Pedro Aguirre Cerda,1576
Quilicura,Conchali,1564
Paine,Quilicura,1551
Colina,Las Condes,1549
Quilicura,Paine,1527
Pedro Aguirre Cerda,Santiago,1524
Puente Alto,Penalolen,1514
Pudahuel,Lampa,1510
Renca,Santiago,1508
San Joaquin,Santiago,1500
Santiago,San Joaquin,1497
Maipu,San Bernardo,1473
San Bernardo,Santiago,1445
Nunoa,La Florida,1440
Penalolen,Providencia,1436
Las Condes,Estacion Central,1429
Renca,Pudahuel,1429
Santiago,Pudahuel,1428
San Bernardo,Maipu,1416
Penaflor,Padre Hurtado,1396
Santiago,Renca,1388
La Florida,Maipu,1388
Cerro Navia,Lo Prado,1386
San Bernardo,Paine,1379
Isla de Maipo,El Monte,1363
Puente Alto,Maipu,1351
Maipu,La Florida,1350
Pudahuel,Quinta Normal,1347
Lampa,Pudahuel,1344
Providencia,Penalolen,1341
Santiago,Puente Alto,1333
Macul,Santiago,1317
Macul,San Joaquin,1315
San Joaquin,Macul,1309
La Cisterna,La Granja,1308
Independencia,Renca,1296
Quinta Normal,Pudahuel,1283
Vitacura,Providencia,1280
Penalolen,Santiago,1279
Curacavi,Padre Hurtado,1269
Melipilla,El Monte,1253
Santiago,San Bernardo,1247
El Bosque,San Ramon,1246
Maipu,Puente Alto,1228
Estacion Central,Las Condes,1209
Lo Prado,Cerro Navia,1206
Colina,Huechuraba,1204
Santiago,Macul,1200
La Granja,La Cisterna,1200
La Florida,Las Condes,1197
La Cisterna,Santiago,1191
Las Condes,Colina,1186
Maipu,Talagante,1180
Conchali,Santiago,1172
San Joaquin,La Granja,1171
San Ramon,El Bosque,1164
Padre Hurtado,Curacavi,1149
Talagante,Maipu,1143
Las Condes,La Florida,1137
La Cisterna,San Bernardo,1134
Calera de Tango,Padre Hurtado,1133
La Cisterna,Puente Alto,1127
Quilicura,Pudahuel,1109
Conchali,Independencia,1103
Paine,San Bernardo,1092
Puente Alto,Nunoa,1089
Pudahuel,Quilicura,1089
Santiago,La Cisterna,1086
El Monte,Isla de Maipo,1080
San Joaquin,La Florida,1067
Quilicura,Santiago,1062
Renca,Quilicura,1060
Macul,Puente Alto,1055
Puente Alto,Macul,1052
Lo Espejo,Pedro Aguirre Cerda,1048
Huechuraba,Colina,1042
Lo Barnechea,Providencia,1042
Santiago,Penalolen,1037
Santiago,Conchali,1036
La Florida,San Joaquin,1034
Providencia,Vitacura,1017
Huechuraba,Quilicura,1015
San Bernardo,La Cisterna,1013
Maipu,Quinta Normal,1011
Conchali,Colina,1008
Independencia,Conchali,1007
La Granja,San Joaquin,1005
Padre Hurtado,Calera de Tango,997
Pedro Aguirre Cerda,Lo Espejo,992
San Pedro,Melipilla,988
Maipu,Quilicura,988
La Florida,Providencia,975
Maipu,Nunoa,967
El Bosque,Puente Alto,952
Quilicura,Maipu,952
Lo Prado,Maipu,935
La Reina,La Florida,934
Nunoa,Puente Alto,923
Penalolen,Maipu,923
Buin,Puente Alto,922
La Florida,San Miguel,922
Puente Alto,La Cisterna,921
Quilicura,Renca,918
La Cisterna,La Florida,912
Colina,Lo Barnechea,912
Santiago,Quilicura,910
La Florida,La Cisterna,908
Quinta Normal,Maipu,907
Cerro Navia,Maipu,907
Colina,Conchali,888
Maipu,Providencia,880
Puente Alto,San Miguel,878
Huechuraba,Las Condes,863
Renca,Maipu,863
Puente Alto,Buin,856
Providencia,Lo Barnechea,850
Quilicura,Huechuraba,850
San Ramon,Puente Alto,850
San Bernardo,San Miguel,848
Providencia,La Florida,848
Puente Alto,El Bosque,843
Melipilla,San Pedro,836
Maipu,Lo Prado,834
La Cisterna,Maipu,832
Huechuraba,Santiago,830
Recoleta,Quilicura,829
Melipilla,Maria Pinto,828
Pudahuel,Curacavi,826
Maipu,Penalolen,823
Colina,Vitacura,821
La Florida,San Bernardo,818
San Joaquin,Puente Alto,807
Las Condes,Huechuraba,807
Maipu,Renca,804
Calera de Tango,Maipu,795
Estacion Central,Pedro Aguirre Cerda,793
San Bernardo,La Florida,793
Calera de Tango,Talagante,784
Pedro Aguirre Cerda,Estacion Central,784
Estacion Central,San Miguel,783
San Miguel,La Florida,782
Puente Alto,San Joaquin,782
Maipu,San Miguel,779
Quilicura,Buin,776
Lo Espejo,Maipu,770
Conchali,Lampa,769
Puente Alto,Las Condes,768
Calera de Tango,Penaflor,767
San Miguel,San Bernardo,763
Maipu,La Cisterna,758
Nunoa,Maipu,752
La Reina,Santiago,751
Lo Barnechea,Colina,750
Lo Prado,Santiago,750
San Miguel,Puente Alto,749
Buin,Isla de Maipo,749
Maipu,Calera de Tango,739
Maria Pinto,Melipilla,738
Maipu,Cerro Navia,737
Padre Hurtado,Talagante,736
Quilicura,Recoleta,732
Colina,La Pintana,731
Puente Alto,Providencia,729
Renca,Lampa,725
Lampa,Conchali,724
Santiago,Lo Prado,721
San Jose de Maipo,La Florida,720
La Reina,Vitacura,707
Talagante,Calera de Tango,704
Puente Alto,San Ramon,701
Cerro Navia,Santiago,699
San Miguel,Maipu,699
Quilicura,La Pintana,697
Maipu,Lo Espejo,693
Providencia,Maipu,689
El Monte,Penaflor,689
Estacion Central,San Bernardo,685
Penaflor,Calera de Tango,683
Renca,Recoleta,682
Buin,Quilicura,680
El Bosque,Santiago,676
Vitacura,Colina,673
Santiago,Huechuraba,673
Lampa,Renca,665
Colina,Providencia,662
San Bernardo,Talagante,658
Nunoa,San Miguel,657
Lo Espejo,San Bernardo,655
Colina,Santiago,654
Recoleta,Renca,653
La Granja,Maipu,644
Quilicura,Puente Alto,643
Puente Alto,Quilicura,641
Maipu,La Granja,640
San Miguel,Estacion Central,640
Isla de Maipo,Buin,634
San Bernardo,Estacion Central,634
San Miguel,Nunoa,632
El Bosque,Maipu,631
Curacavi,Pudahuel,631
Las Condes,Puente Alto,630
Penaflor,El Monte,630
La Barnechea,La Barnechea,627
La Granja,Santiago,621
La Granja,San Miguel,617
El Bosque,Lo Espejo,612
La Florida,Estacion Central,609
San Ramon,San Miguel,604
Santiago,Cerro Navia,604
San Miguel,La Granja,603
La Florida,San Jose de Maipo,600
Puente Alto,Estacion Central,599
San Bernardo,Lo Espejo,591
Santiago,El Bosque,590
Nunoa,San Joaquin,590
San Joaquin,Nunoa,581
El Bosque,San Miguel,579
Lo Espejo,El Bosque,578
Pedro Aguirre Cerda,Maipu,565
Providencia,Puente Alto,563
Conchali,Maipu,562
Maipu,El Bosque,561
La Granja,Penalolen,561
La Barnechea,La Pintana,561
Maipu,Conchali,558
Renca,Estacion Central,557
San Ramon,La Florida,557
Santiago,Vitacura,556
El Bosque,La Florida,550
Talagante,Padre Hurtado,549
Penalolen,La Granja,549
Pudahuel,Providencia,547
Macul,Providencia,546
La Florida,San Ramon,546
La Reina,Macul,545
Vitacura,Santiago,545
La Florida,Recoleta,543
Providencia,Pudahuel,542
Lampa,La Pintana,541
Lo Espejo,San Miguel,537
Estacion Central,Cerro Navia,535
Talagante,San Bernardo,532
Providencia,Macul,530
Estacion Central,La Florida,528
Pedro Aguirre Cerda,La Cisterna,527
Cerro Navia,Estacion Central,527
San Miguel,San Ramon,526
Las Condes,Macul,524
Cerrillos,Santiago,517
Maipu,Macul,517
Melipilla,Talagante,514
San Ramon,La Pintana,514
Maipu,Pedro Aguirre Cerda,513
La Granja,San Bernardo,512
Las Condes,Recoleta,510
San Ramon,San Bernardo,509
Lo Espejo,Puente Alto,507
Macul,Las Condes,507
Maipu,Curacavi,506
Pirque,San Jose de Maipo,503
Providencia,Recoleta,502
Recoleta,Providencia,502
La Cisterna,San Joaquin,500
Santiago,Colina,499
La Florida,Pudahuel,494
La Florida,El Bosque,493
Lo Espejo,Santiago,492
La Cisterna,Pedro Aguirre Cerda,488
San Joaquin,La Cisterna,487
Calera de Tango,Isla de Maipo,486
Cerrillos,Pudahuel,485
San Miguel,El Bosque,483
Huechuraba,Providencia,482
El Bosque,La Granja,481
Providencia,Estacion Central,480
La Granja,La Pintana,480
Curacavi,Penaflor,479
San Bernardo,Penaflor,479
Renca,Colina,478
La Reina,Lo Barnechea,477
Padre Hurtado,Santiago,476
Providencia,Colina,475
Recoleta,La Florida,474
Curacavi,Maipu,472
La Granja,El Bosque,471
Macul,Maipu,471
Recoleta,Maipu,471
Maipu,Recoleta,468
Penaflor,San Bernardo,468
Estacion Central,Puente Alto,468
Estacion Central,Renca,467
Cerrillos,San Bernardo,464
Nunoa,Estacion Central,461
Colina,Renca,461
Vitacura,Nunoa,460
Pudahuel,La Florida,459
Santiago,Lo Barnechea,458
Recoleta,Las Condes,457
Estacion Central,Penaflor,455
Talagante,Melipilla,452
Estacion Central,Nunoa,451
Pudahuel,Cerrillos,449
Las Condes,San Miguel,449
Santiago,La Granja,448
San Miguel,Lo Espejo,445
Isla de Maipo,Penaflor,444
Lo Barnechea,Santiago,443
San Bernardo,La Granja,442
Santiago,Cerrillos,441
San Bernardo,Pirque,440
Las Condes,Cerrillos,438
Estacion Central,Providencia,437
Estacion Central,Padre Hurtado,436
Colina,Pudahuel,434
Isla de Maipo,Calera de Tango,434
Providencia,Huechuraba,430
San Bernardo,San Ramon,426
Pudahuel,San Bernardo,425
San Bernardo,Cerrillos,423
Penaflor,Isla de Maipo,419
La Florida,La Pintana,417
La Florida,Independencia,409
Huechuraba,Independencia,409
Recoleta,Colina,406
Lo Espejo,Estacion Central,405
Recoleta,Pudahuel,405
Penalolen,San Miguel,404
Renca,Huechuraba,404
Huechuraba,Nunoa,404
Macul,San Miguel,400
Nunoa,Vitacura,399
Huechuraba,Maipu,396
Pedro Aguirre Cerda,Cerrillos,396
Pirque,San Bernardo,395
Lampa,Huechuraba,395
La Cisterna,Nunoa,394
San Bernardo,Pudahuel,394
Puente Alto,Lo Espejo,394
San Miguel,Las Condes,393
Independencia,Huechuraba,393
Santiago,Padre Hurtado,393
Estacion Central,Quilicura,392
Pudahuel,Nunoa,390
La Granja,Buin,389
Isla de Maipo,San Bernardo,387
Huechuraba,Renca,387
Colina,Recoleta,386
Quilicura,Estacion Central,386
Santiago,Lo Espejo,386
Recoleta,Nunoa,385
Penalolen,San Joaquin,383
Cerrillos,Puente Alto,383
San Bernardo,Isla de Maipo,382
La Cisterna,Estacion Central,382
San Ramon,Maipu,382
San Bernardo,Penalolen,381
San Bernardo,Nunoa,380
San Miguel,Providencia,379
Providencia,San Miguel,378
Huechuraba,Lampa,376
Lampa,Santiago,374
San Ramon,Santiago,373
Pudahuel,Colina,373
Penalolen,San Bernardo,372
Recoleta,Estacion Central,369
Penaflor,Curacavi,369
Macul,La Granja,366
Lo Barnechea,Nunoa,365
Pedro Aguirre Cerda,San Bernardo,364
Cerro Navia,Quilicura,363
La Granja,Nunoa,362
Pudahuel,Padre Hurtado,361
Penalolen,La Cisterna,360
Pudahuel,Recoleta,357
San Joaquin,Penalolen,357
Penaflor,Estacion Central,356
Estacion Central,La Cisterna,356
Pudahuel,Conchali,354
Vitacura,Huechuraba,353
La Florida,Cerrillos,352
Huechuraba,Pudahuel,352
Padre Hurtado,El Monte,351
Penalolen,Estacion Central,351
Recoleta,Quinta Normal,351
Quilicura,Las Condes,351
San Bernardo,Providencia,350
Quinta Normal,Quilicura,349
Pirque,La Florida,348
Nunoa,Recoleta,348
Cerrillos,Pedro Aguirre Cerda,347
San Joaquin,Maipu,347
La Florida,Quinta Normal,346
Lampa,Recoleta,345
Maipu,Huechuraba,344
La Granja,Macul,344
Lampa,Maipu,344
Las Condes,Quilicura,344
Pudahuel,Penalolen,343
Maipu,San Joaquin,343
Penalolen,Pudahuel,342
Recoleta,Lampa,340
San Bernardo,Padre Hurtado,340
Puente Alto,Cerrillos,340
La Cisterna,Penalolen,339
Conchali,Pudahuel,339
Pudahuel,La Cisterna,335
Quinta Normal,Las Condes,332
Nunoa,Pudahuel,331
San Miguel,Penalolen,330
Renca,La Florida,329
San Miguel,Macul,329
La Florida,Lo Espejo,329
Quilicura,Quinta Normal,329
La Cisterna,Pudahuel,328
Padre Hurtado,San Bernardo,326
Quinta Normal,San Bernardo,326
Conchali,La Florida,326
Nunoa,La Granja,325
Cerrillos,Padre Hurtado,325
Estacion Central,Recoleta,325
Quinta Normal,Recoleta,324
La Florida,Renca,323
Santiago,San Ramon,323
Lo Espejo,La Florida,323
Padre Hurtado,Estacion Central,321
Huechuraba,Vitacura,318
Pudahuel,Huechuraba,317
Padre Hurtado,Pudahuel,315
Quinta Normal,La Florida,315
Colina,Nunoa,313
Estacion Central,Lo Espejo,313
Quilicura,Independencia,312
Pudahuel,San Miguel,311
La Granja,Las Condes,310
La Florida,Pirque,310
Independencia,Quinta Normal,309
La Florida,Conchali,308
Las Condes,La Granja,308
Quinta Normal,Independencia,306
Penalolen,Vitacura,306
Independencia,Quilicura,305
Las Condes,La Cisterna,304
Quilicura,Cerro Navia,303
San Bernardo,Pedro Aguirre Cerda,303
Nunoa,Lo Barnechea,302
Estacion Central,Conchali,301
Isla de Maipo,Melipilla,297
Penaflor,Cerrillos,297
Cerrillos,Las Condes,296
San Miguel,Pudahuel,295
Pudahuel,La Granja,295
Maipu,San Ramon,294
Nunoa,La Cisterna,292
La Granja,Pudahuel,292
La Cisterna,Las Condes,291
Cerrillos,Penaflor,291
Quinta Normal,Conchali,291
Maipu,Lampa,290
Estacion Central,Penalolen,290
Conchali,Estacion Central,290
Vitacura,Penalolen,289
Independencia,La Florida,289
Las Condes,Lo Prado,288
Nunoa,Huechuraba,287
Conchali,Quinta Normal,287
Padre Hurtado,Cerrillos,285
La Cisterna,La Pintana,284
Quilicura,San Miguel,284
Puente Alto,Quinta Normal,284
San Miguel,Quilicura,281
Quinta Normal,Nunoa,280
Lo Prado,Las Condes,280
Renca,San Bernardo,277
Providencia,San Bernardo,275
Quilicura,Providencia,275
Lo Barnechea,Penalolen,274
Quilicura,Nunoa,274
Cerro Navia,Lampa,273
Pudahuel,Puente Alto,271
Cerrillos,La Florida,271
Maipu,Independencia,271
Puente Alto,Pudahuel,270
Paine,Puente Alto,270
San Bernardo,Quinta Normal,270
Santiago,Lampa,269
Las Condes,Lo Espejo,269
Lampa,Cerro Navia,266
Nunoa,San Bernardo,266
La Cisterna,Quilicura,265
Quinta Normal,Providencia,264
La Cisterna,Cerrillos,263
La Barnechea,Puente Alto,263
Renca,Lo Prado,263
Huechuraba,Penalolen,262
Buin,El Bosque,260
Providencia,Quilicura,259
Lo Espejo,Pudahuel,258
Providencia,Quinta Normal,257
Macul,La Cisterna,257
Nunoa,Quinta Normal,255
Huechuraba,La Florida,255
Renca,Las Condes,255
Quilicura,La Florida,254
Cerrillos,La Cisterna,253
Las Condes,Conchali,253
San Jose de Maipo,Pirque,252
Penalolen,Lo Barnechea,251
Lo Prado,Renca,250
Las Condes,Quinta Normal,250
Conchali,Las Condes,250
El Bosque,Buin,249
Las Condes,Cerro Navia,247
Penalolen,Recoleta,246
Colina,Estacion Central,246
Cerro Navia,Las Condes,245
Pedro Aguirre Cerda,Puente Alto,244
Lo Barnechea,Huechuraba,244
Nunoa,Quilicura,243
Buin,La Granja,243
Recoleta,San Miguel,243
Quilicura,La Cisterna,243
Puente Alto,Paine,242
Cerrillos,San Miguel,240
Penalolen,Huechuraba,239
Penaflor,Pudahuel,239
La Cisterna,Macul,238
San Miguel,Recoleta,238
Huechuraba,San Miguel,238
San Joaquin,Estacion Central,236
Huechuraba,Lo Barnechea,236
Macul,Estacion Central,235
Vitacura,Recoleta,235
Lo Espejo,Las Condes,235
La Florida,Huechuraba,235
La Reina,Maipu,234
Conchali,Providencia,233
Puente Alto,Pedro Aguirre Cerda,233
Quinta Normal,Puente Alto,232
La Florida,Buin,232
Buin,Talagante,232
Conchali,Nunoa,231
San Miguel,Quinta Normal,231
Melipilla,Isla de Maipo,231
Nunoa,Colina,231
Pudahuel,Penaflor,230
San Bernardo,Renca,230
Las Condes,Renca,229
Renca,Providencia,228
La Florida,Vitacura,228
La Florida,Pedro Aguirre Cerda,228
La Reina,La Granja,227
Puente Alto,Recoleta,227
Independencia,Maipu,225
Vitacura,Pudahuel,225
Vitacura,La Florida,224
Pedro Aguirre Cerda,La Florida,223
San Joaquin,San Bernardo,222
Macul,San Bernardo,222
Penalolen,Renca,222
La Cisterna,Providencia,221
Quinta Normal,Colina,220
Talagante,Buin,220
Huechuraba,Estacion Central,219
Recoleta,Puente Alto,219
La Florida,Quilicura,218
Estacion Central,Huechuraba,218
Renca,San Miguel,218
Renca,Penalolen,217
Estacion Central,Colina,216
San Bernardo,Macul,216
El Bosque,Penalolen,216
Quinta Normal,Huechuraba,216
Providencia,Renca,216
Lo Espejo,Penalolen,215
La Reina,Huechuraba,214
San Miguel,Huechuraba,214
San Ramon,San Joaquin,212
El Monte,Padre Hurtado,212
San Joaquin,Providencia,211
Estacion Central,Independencia,211
San Bernardo,San Joaquin,210
Quinta Normal,San Miguel,210
San Joaquin,San Ramon,209
Lampa,Estacion Central,209
Conchali,San Miguel,209
Pudahuel,El Bosque,208
Lampa,Quinta Normal,207
Estacion Central,El Bosque,207
Lo Espejo,La Granja,207
El Bosque,Estacion Central,206
Cerrillos,Penalolen,206
Nunoa,Conchali,206
Las Condes,San Bernardo,206
Penalolen,Cerrillos,205
Pudahuel,Lo Espejo,205
La Reina,La Pintana,204
Independencia,Estacion Central,202
Estacion Central,San Joaquin,201
La Reina,Colina,201
San Ramon,Penalolen,201
Providencia,San Joaquin,200
Santiago,La Pintana,200
Colina,Quinta Normal,199
El Bosque,Pudahuel,198
Recoleta,Vitacura,197
Recoleta,San Bernardo,196
Penalolen,El Bosque,194
San Joaquin,Las Condes,193
Conchali,La Cisterna,193
Renca,Nunoa,192
Independencia,Pudahuel,191
La Granja,Estacion Central,189
Recoleta,Cerro Navia,189
Buin,La Florida,188
San Miguel,Cerrillos,188
Puente Alto,La Barnechea,188
La Granja,Providencia,187
Providencia,La Cisterna,187
Penaflor,Melipilla,186
Recoleta,Penalolen,186
Las Condes,San Joaquin,186
Cerrillos,Quilicura,186
La Granja,Lo Espejo,185
Estacion Central,Lampa,184
Maipu,La Pintana,184
Penalolen,Lo Espejo,184
Quinta Normal,Cerrillos,183
Penalolen,Quilicura,183
Padre Hurtado,Isla de Maipo,183
San Miguel,Conchali,182
Huechuraba,Quinta Normal,182
Estacion Central,Macul,182
El Bosque,Calera de Tango,181
Cerrillos,Calera de Tango,180
Penalolen,San Ramon,180
Independencia,Providencia,179
San Bernardo,Las Condes,179
Providencia,Conchali,179
Pudahuel,Independencia,178
Lo Barnechea,Recoleta,178
La Granja,Pirque,177
Puente Alto,Renca,176
Providencia,La Granja,176
Quilicura,San Bernardo,175
La Cisterna,Conchali,175
Independencia,Nunoa,174
Quilicura,Penalolen,174
Renca,La Cisterna,174
Pudahuel,Macul,173
Pudahuel,Pedro Aguirre Cerda,172
San Miguel,Renca,172
Buin,Calera de Tango,172
Lo Prado,La Florida,172
Quinta Normal,Lampa,172
Macul,Pudahuel,172
Cerro Navia,La Florida,171
Pirque,La Granja,171
Estacion Central,Curacavi,171
Nunoa,Independencia,170
Quilicura,Lo Espejo,170
Lo Barnechea,La Florida,170
La Cisterna,Renca,169
Pudahuel,Vitacura,168
Pedro Aguirre Cerda,Pudahuel,168
Cerrillos,El Bosque,168
Estacion Central,La Granja,168
Pedro Aguirre Cerda,El Bosque,167
El Bosque,Providencia,166
Huechuraba,La Cisterna,165
Recoleta,La Cisterna,165
Cerro Navia,Recoleta,165
Quilicura,La Granja,165
Conchali,San Bernardo,165
La Florida,Padre Hurtado,164
El Bosque,Nunoa,164
Las Condes,El Bosque,163
Macul,Recoleta,162
Cerrillos,Quinta Normal,160
La Reina,Pudahuel,160
Independencia,San Miguel,160
Nunoa,Renca,160
Conchali,Cerro Navia,159
El Bosque,Cerrillos,159
La Reina,San Miguel,159
Quilicura,Cerrillos,159
Lo Espejo,Padre Hurtado,158
Penalolen,Conchali,158
Padre Hurtado,La Florida,157
Lo Espejo,Quilicura,157
Buin,Pirque,156
La Granja,San Jose de Maipo,156
Pedro Aguirre Cerda,Nunoa,156
Isla de Maipo,Maipu,155
La Cisterna,Recoleta,155
Las Condes,Independencia,154
Puente Alto,Independencia,153
San Ramon,Pudahuel,153
Isla de Maipo,Padre Hurtado,153
San Jose de Maipo,La Granja,153
San Miguel,Independencia,152
Puente Alto,Calera de Tango,152
Renca,Puente Alto,152
Calera de Tango,Buin,151
San Ramon,Macul,151
Lo Prado,Puente Alto,150
Maipu,Vitacura,150
San Joaquin,El Bosque,150
La Florida,Cerro Navia,150
Conchali,La Granja,149
Quinta Normal,La Cisterna,149
Providencia,Independencia,149
La Granja,Cerrillos,148
San Bernardo,San Jose de Maipo,148
Puente Alto,Lo Prado,148
Padre Hurtado,La Cisterna,147
San Bernardo,Conchali,147
Cerro Navia,Providencia,146
Lo Prado,Providencia,146
Vitacura,Quilicura,146
La Cisterna,Quinta Normal,146
San Bernardo,Quilicura,146
Buin,La Pintana,145
Pedro Aguirre Cerda,San Joaquin,145
La Reina,La Cisterna,145
Penaflor,Santiago,145
San Bernardo,Recoleta,144
Santiago,Penaflor,144
Recoleta,Macul,144
San Ramon,Lo Espejo,143
El Bosque,Las Condes,143
Lo Prado,Quilicura,143
El Bosque,San Joaquin,143
Cerrillos,La Granja,143
La Granja,Quilicura,142
Vitacura,Maipu,142
La Granja,Conchali,142
Quinta Normal,Penalolen,142
El Bosque,Pedro Aguirre Cerda,142
Pirque,Buin,141
La Florida,Lo Barnechea,141
Cerro Navia,Conchali,141
Padre Hurtado,San Miguel,141
Cerrillos,Nunoa,140
Curacavi,Estacion Central,140
Conchali,Penalolen,138
Macul,Quilicura,138
Lo Espejo,San Ramon,138
Independencia,Las Condes,138
Quilicura,Macul,138
Quilicura,Lo Prado,138
Vitacura,Estacion Central,137
Penalolen,Quinta Normal,137
San Miguel,Padre Hurtado,137
Cerrillos,Talagante,137
Calera de Tango,Santiago,136
Curacavi,Melipilla,136
La Reina,Recoleta,136
La Cisterna,Padre Hurtado,135
Buin,La Cisterna,135
Colina,Maipu,134
Maipu,Colina,134
Pedro Aguirre Cerda,La Granja,134
Quilicura,Vitacura,133
Penalolen,La Pintana,133
Nunoa,El Bosque,133
Quinta Normal,El Bosque,133
San Jose de Maipo,Penalolen,132
El Bosque,Conchali,132
Macul,San Ramon,132
La Granja,Padre Hurtado,132
Recoleta,La Granja,132
Renca,Cerrillos,131
Quinta Normal,La Granja,131
Colina,Independencia,131
Estacion Central,Talagante,131
Renca,La Granja,130
San Joaquin,Pedro Aguirre Cerda,130
El Bosque,Quinta Normal,129
Cerro Navia,Colina,128
Cerrillos,Providencia,128
La Cisterna,Calera de Tango,128
San Miguel,La Pintana,128
Las Condes,Pedro Aguirre Cerda,127
San Bernardo,Cerro Navia,127
La Reina,Estacion Central,127
Providencia,Cerro Navia,126
La Cisterna,Huechuraba,126
Nunoa,Cerrillos,126
Pudahuel,San Ramon,126
Independencia,Colina,126
Calera de Tango,La Cisterna,126
Lo Prado,Nunoa,125
La Florida,Lo Prado,125
Pedro Aguirre Cerda,Penalolen,125
Calera de Tango,El Monte,125
Renca,Padre Hurtado,125
Padre Hurtado,Lo Espejo,124
Lo Prado,Cerrillos,124
Nunoa,San Ramon,124
Quinta Normal,Padre Hurtado,124
La Granja,Renca,123
Penaflor,Lo Espejo,123
Lo Prado,San Bernardo,122
Cerro Navia,San Miguel,121
Lo Espejo,Renca,121
Penalolen,San Jose de Maipo,121
Quinta Normal,Pedro Aguirre Cerda,121
Calera de Tango,Estacion Central,121
Melipilla,Penaflor,121
La Granja,Pedro Aguirre Cerda,120
San Ramon,Nunoa,120
Cerrillos,Renca,120
Renca,El Bosque,119
Calera de Tango,El Bosque,119
Maipu,Isla de Maipo,118
Providencia,El Bosque,117
Pedro Aguirre Cerda,Quilicura,117
San Jose de Maipo,San Bernardo,116
El Bosque,Renca,116
San Ramon,Las Condes,116
Lo Espejo,Nunoa,116
San Joaquin,Pudahuel,116
Lo Espejo,Calera de Tango,116
Melipilla,Curacavi,115
Lo Prado,Recoleta,115
Santiago,Calera de Tango,115
Calera de Tango,Cerrillos,115
Conchali,El Bosque,115
Estacion Central,Vitacura,115
La Granja,Quinta Normal,115
Lo Espejo,La Pintana,115
Calera de Tango,Puente Alto,114
Cerro Navia,San Bernardo,113
Nunoa,Cerro Navia,113
Pudahuel,San Joaquin,113
Lampa,Independencia,113
La Granja,Recoleta,113
Lo Barnechea,Estacion Central,113
Las Condes,San Ramon,112
El Bosque,Recoleta,112
La Cisterna,Buin,112
Nunoa,Lo Prado,112
Cerro Navia,La Granja,110
Providencia,Lo Prado,110
Lo Prado,San Miguel,110
Quinta Normal,San Joaquin,110
El Bosque,Padre Hurtado,110
Nunoa,Pedro Aguirre Cerda,110
La Reina,San Bernardo,109
Pedro Aguirre Cerda,Quinta Normal,109
Providencia,Cerrillos,109
Recoleta,El Bosque,109
El Monte,Calera de Tango,109
Pedro Aguirre Cerda,Providencia,109
Estacion Central,San Ramon,108
Penalolen,Pedro Aguirre Cerda,108
San Miguel,Colina,108
Macul,El Bosque,108
La Reina,San Joaquin,108
Puente Alto,Vitacura,108
Huechuraba,Macul,108
Cerro Navia,Nunoa,107
Recoleta,Lo Barnechea,107
Renca,Lo Espejo,107
Quilicura,Padre Hurtado,107
Penaflor,La Cisterna,106
Quinta Normal,Lo Espejo,106
Pedro Aguirre Cerda,Padre Hurtado,106
Lo Espejo,Quinta Normal,106
Cerro Navia,Independencia,106
Cerro Navia,Huechuraba,106
San Miguel,Lo Prado,105
Quilicura,El Bosque,105
Nunoa,Lo Espejo,105
Pudahuel,Maria Pinto,104
Cerro Navia,Cerrillos,103
San Joaquin,Lo Espejo,103
Renca,Pedro Aguirre Cerda,103
Pedro Aguirre Cerda,Las Condes,103
Calera de Tango,San Miguel,103
Padre Hurtado,Quinta Normal,103
Conchali,Macul,103
Cerro Navia,Penalolen,102
San Bernardo,Lo Prado,102
San Joaquin,Quinta Normal,101
Colina,Cerro Navia,101
Cerro Navia,Padre Hurtado,101
Macul,Cerrillos,100
Macul,Huechuraba,100
Quilicura,San Joaquin,99
Independencia,Puente Alto,99
Cerrillos,Lo Prado,99
Cerrillos,Macul,99
Conchali,San Joaquin,98
Lo Espejo,Penaflor,98
Vitacura,Macul,98
El Bosque,Macul,98
Cerrillos,Cerro Navia,98
Vitacura,San Miguel,98
El Bosque,Quilicura,98
Conchali,Vitacura,97
San Bernardo,Independencia,97
San Miguel,Cerro Navia,97
San Miguel,Calera de Tango,97
Colina,San Miguel,97
Penalolen,Cerro Navia,97
San Ramon,Cerrillos,97
Padre Hurtado,La Granja,97
Calera de Tango,La Florida,96
Quinta Normal,Macul,96
San Jose de Maipo,Macul,96
Independencia,Lampa,96
Padre Hurtado,Cerro Navia,96
Colina,Penalolen,96
Pirque,La Pintana,95
Recoleta,Lo Prado,95
Macul,Lo Espejo,95
Recoleta,San Joaquin,95
Lo Prado,Lampa,95
Calera de Tango,Lo Espejo,95
Independencia,La Cisterna,94
Estacion Central,Calera de Tango,94
Pedro Aguirre Cerda,Renca,94
San Miguel,Vitacura,94
Padre Hurtado,Renca,94
El Bosque,Penaflor,94
La Cisterna,Independencia,93
San Joaquin,Quilicura,93
Huechuraba,La Granja,93
Macul,Conchali,93
Calera de Tango,Curacavi,92
Cerro Navia,La Cisterna,92
Macul,Renca,92
La Granja,Cerro Navia,92
Vitacura,Conchali,92
Conchali,Lo Espejo,92
Penalolen,Pirque,92
San Jose de Maipo,Nunoa,91
Huechuraba,San Joaquin,91
Padre Hurtado,Nunoa,91
Conchali,Puente Alto,90
Vitacura,Quinta Normal,90
Padre Hurtado,Pedro Aguirre Cerda,90
Cerrillos,Recoleta,90
Providencia,La Pintana,90
La Reina,Conchali,90
San Ramon,Estacion Central,89
Huechuraba,El Bosque,89
Lo Prado,Conchali,89
Conchali,Lo Prado,89
La Reina,Quilicura,89
Pedro Aguirre Cerda,Penaflor,89
Lo Espejo,San Joaquin,89
Macul,Quinta Normal,88
Lo Espejo,Buin,88
Isla de Maipo,Paine,87
Independencia,San Bernardo,87
Recoleta,Cerrillos,87
Vitacura,Puente Alto,87
Lo Espejo,Conchali,87
Quilicura,Pedro Aguirre Cerda,87
La Cisterna,Penaflor,87
Buin,Maipu,86
Penalolen,Colina,86
Puente Alto,Padre Hurtado,86
Buin,Lo Espejo,86
Cerro Navia,Curacavi,86
Estacion Central,Lo Barnechea,85
Nunoa,Padre Hurtado,85
Estacion Central,La Pintana,85
Maipu,El Monte,85
Lampa,Lo Prado,85
Lo Espejo,Macul,85
San Ramon,Providencia,84
La Reina,San Ramon,84
Penalolen,Lo Prado,84
Pedro Aguirre Cerda,La Pintana,84
Penaflor,San Miguel,84
Cerrillos,Conchali,84
Cerro Navia,Puente Alto,83
Padre Hurtado,Quilicura,83
La Reina,San Jose de Maipo,83
La Cisterna,Cerro Navia,83
Renca,San Joaquin,83
Paine,Isla de Maipo,83
Lampa,Las Condes,82
Talagante,Cerrillos,82
San Joaquin,Recoleta,82
Huechuraba,Cerro Navia,82
Penaflor,El Bosque,82
Macul,Independencia,81
Lampa,Providencia,81
Padre Hurtado,El Bosque,81
Pedro Aguirre Cerda,San Ramon,81
Macul,Vitacura,81
Puente Alto,Conchali,80
Lo Espejo,Providencia,80
Quinta Normal,Vitacura,80
San Ramon,Quilicura,80
San Joaquin,Padre Hurtado,78
Pedro Aguirre Cerda,Macul,78
San Joaquin,Renca,78
Conchali,Lo Barnechea,78
Pedro Aguirre Cerda,Huechuraba,77
San Miguel,Lo Barnechea,77
San Joaquin,Huechuraba,77
Curacavi,Calera de Tango,77
San Ramon,Buin,77
La Cisterna,Lo Prado,76
Lo Espejo,Lo Prado,76
Independencia,Cerro Navia,76
Penaflor,Pedro Aguirre Cerda,76
Lo Prado,La Cisterna,76
Lo Barnechea,San Miguel,75
Vitacura,Renca,75
Lo Espejo,Huechuraba,75
El Bosque,Huechuraba,75
Conchali,Cerrillos,75
Providencia,San Ramon,74
Cerro Navia,Lo Espejo,74
San Joaquin,Conchali,74
Providencia,Pedro Aguirre Cerda,73
Cerrillos,San Joaquin,73
Las Condes,Lampa,73
Lo Barnechea,Quinta Normal,73
Renca,Macul,73
Lo Barnechea,Quilicura,73
Puente Alto,Cerro Navia,72
Providencia,Padre Hurtado,72
Cerrillos,San Ramon,72
Macul,Lo Barnechea,72
La Florida,Calera de Tango,72
Independencia,Penalolen,72
Quinta Normal,Lo Barnechea,72
Padre Hurtado,Lo Prado,71
Padre Hurtado,Providencia,71
Calera de Tango,Pudahuel,71
Lo Prado,Padre Hurtado,71
Lo Prado,Pedro Aguirre Cerda,71
La Reina,Quinta Normal,71
Providencia,Lo Espejo,71
Macul,San Jose de Maipo,70
Renca,Lo Barnechea,70
Macul,Pedro Aguirre Cerda,70
San Ramon,Pedro Aguirre Cerda,70
La Reina,El Bosque,69
Quilicura,Lo Barnechea,69
San Joaquin,La Pintana,69
Curacavi,Cerro Navia,69
San Ramon,Renca,69
Providencia,Lampa,69
La Granja,Huechuraba,69
Recoleta,San Ramon,69
La Reina,Pirque,69
La Reina,Cerrillos,68
Buin,Cerrillos,68
Recoleta,Pedro Aguirre Cerda,68
Pedro Aguirre Cerda,Recoleta,68
Nunoa,San Jose de Maipo,68
San Ramon,Recoleta,68
Vitacura,La Granja,68
Penalolen,Independencia,68
Huechuraba,La Pintana,67
Quilicura,San Ramon,67
El Bosque,Cerro Navia,67
Pedro Aguirre Cerda,Conchali,67
La Barnechea,San Bernardo,67
Independencia,Lo Prado,66
Lo Espejo,Cerro Navia,66
Macul,Lo Prado,66
La Granja,Vitacura,65
Lo Barnechea,Macul,65
Lo Prado,Penalolen,65
Huechuraba,Lo Espejo,65
Lo Prado,Huechuraba,64
San Ramon,Quinta Normal,64
La Reina,Lo Espejo,64
Cerro Navia,Macul,64
San Joaquin,Cerrillos,64
Lampa,Nunoa,63
La Barnechea,Quilicura,63
Lo Barnechea,Conchali,63
Macul,Padre Hurtado,63
Pirque,Penalolen,63
El Bosque,Independencia,63
Renca,Curacavi,63
El Monte,Maipu,62
Renca,San Ramon,62
Huechuraba,Cerrillos,61
San Joaquin,Independencia,61
San Ramon,Padre Hurtado,61
Lo Espejo,Recoleta,61
Nunoa,Pirque,61
El Bosque,Lo Prado,61
Padre Hurtado,Puente Alto,60
San Jose de Maipo,La Pintana,60
Cerrillos,La Pintana,60
Independencia,Macul,60
Recoleta,Lo Espejo,60
Lo Prado,Penaflor,60
Conchali,Pedro Aguirre Cerda,60
Vitacura,La Cisterna,60
El Bosque,Pirque,59
Cerro Navia,El Bosque,59
Pudahuel,Talagante,58
Padre Hurtado,San Ramon,58
Macul,La Pintana,58
San Jose de Maipo,El Bosque,58
Penaflor,Lo Prado,58
Cerro Navia,Vitacura,57
Las Condes,La Pintana,57
La Cisterna,San Jose de Maipo,57
La Reina,Cerro Navia,57
Lo Prado,Lo Espejo,57
El Bosque,San Jose de Maipo,56
Cerrillos,Huechuraba,56
San Miguel,Lampa,56
Independencia,San Joaquin,56
Penaflor,La Granja,56
La Granja,Independencia,56
Independencia,Vitacura,56
Huechuraba,Pedro Aguirre Cerda,55
Pedro Aguirre Cerda,Cerro Navia,55
Lampa,San Miguel,55
Lo Barnechea,Renca,55
San Bernardo,Huechuraba,55
San Miguel,Penaflor,54
Buin,San Ramon,54
Penalolen,Padre Hurtado,53
Renca,Vitacura,53
Maipu,Buin,53
Independencia,El Bosque,53
Recoleta,La Pintana,53
Vitacura,Independencia,53
San Jose de Maipo,Santiago,53
Nunoa,La Pintana,53
Padre Hurtado,San Joaquin,53
La Cisterna,Vitacura,52
Santiago,Pirque,52
Pudahuel,La Pintana,52
Cerrillos,Buin,52
Padre Hurtado,Penalolen,52
Calera de Tango,La Pintana,52
La Reina,Renca,52
Quinta Normal,San Ramon,52
Lampa,Cerrillos,51
Curacavi,Cerrillos,51
Lo Prado,La Granja,51
Vitacura,Cerro Navia,51
Huechuraba,San Bernardo,51
Curacavi,Talagante,51
Lo Prado,Macul,50
San Jose de Maipo,San Miguel,50
Lo Prado,San Joaquin,50
La Cisterna,Pirque,50
Huechuraba,Lo Prado,49
Pirque,La Cisterna,49
La Granja,Lo Prado,49
Lo Prado,Independencia,49
Pedro Aguirre Cerda,Lo Prado,49
San Joaquin,Cerro Navia,49
Paine,Talagante,49
Pedro Aguirre Cerda,Independencia,49
San Ramon,Huechuraba,48
San Ramon,Conchali,48
San Jose de Maipo,La Cisterna,48
San Bernardo,La Barnechea,48
Cerrillos,Curacavi,48
Cerro Navia,San Joaquin,48
Lo Barnechea,Cerro Navia,48
San Joaquin,Lo Prado,47
Independencia,La Granja,47
Lo Prado,El Bosque,47
Pirque,Santiago,47
Puente Alto,Huechuraba,47
Padre Hurtado,Macul,47
Huechuraba,Puente Alto,47
Paine,Calera de Tango,47
San Jose de Maipo,Las Condes,46
El Monte,San Bernardo,46
Macul,Pirque,46
Conchali,San Ramon,46
Curacavi,Renca,46
San Ramon,Pirque,46
Lo Barnechea,La Granja,46
Lo Prado,Colina,46
Pirque,El Bosque,46
Buin,Penaflor,46
Calera de Tango,La Granja,46
Lo Prado,Curacavi,45
La Granja,Calera de Tango,45
Recoleta,Padre Hurtado,45
Pudahuel,Calera de Tango,45
Huechuraba,San Ramon,45
Cerro Navia,Pedro Aguirre Cerda,45
Cerrillos,Independencia,44
El Bosque,Talagante,44
Penaflor,Buin,44
El Bosque,Vitacura,43
Quilicura,Curacavi,43
Penaflor,Quinta Normal,43
Vitacura,San Joaquin,42
Buin,El Monte,42
Cerrillos,Lampa,42
Lo Espejo,Independencia,42
Colina,Lo Prado,42
Maipu,Pirque,42
Buin,Padre Hurtado,42
Independencia,Lo Espejo,41
Macul,Colina,41
Macul,Cerro Navia,41
San Miguel,Pirque,40
Independencia,Lo Barnechea,40
San Miguel,San Jose de Maipo,40
Curacavi,San Bernardo,40
Nunoa,Lampa,40
Pirque,San Miguel,39
Independencia,Pedro Aguirre Cerda,39
San Joaquin,San Jose de Maipo,39
Quinta Normal,Curacavi,39
San Bernardo,El Monte,39
Quilicura,La Barnechea,38
Pirque,Nunoa,38
Calera de Tango,Pedro Aguirre Cerda,38
Cerro Navia,Penaflor,38
Lampa,Vitacura,38
Padre Hurtado,Recoleta,38
Lo Espejo,Talagante,38
Colina,Macul,37
Penaflor,Cerro Navia,37
Lo Prado,San Ramon,36
La Reina,Independencia,36
Cerro Navia,San Ramon,36
Padre Hurtado,La Pintana,36
Vitacura,San Bernardo,36
Pudahuel,Lo Barnechea,36
Conchali,Padre Hurtado,36
San Jose de Maipo,San Joaquin,36
Lo Barnechea,Independencia,36
Cerro Navia,Lo Barnechea,36
Calera de Tango,Paine,36
Talagante,Estacion Central,36
Vitacura,Lo Prado,36
San Ramon,Cerro Navia,35
Quinta Normal,La Pintana,35
Penaflor,La Florida,35
Lo Prado,Vitacura,35
La Reina,Lo Prado,35
San Jose de Maipo,Providencia,34
San Joaquin,Pirque,34
Pirque,San Ramon,34
Talagante,Curacavi,34
Lo Barnechea,La Cisterna,34
Renca,La Pintana,34
Curacavi,Quinta Normal,34
El Monte,Buin,33
Independencia,Cerrillos,33
Talagante,Paine,33
San Joaquin,Vitacura,33
Lampa,La Cisterna,33
San Ramon,Calera de Tango,32
Pedro Aguirre Cerda,Colina,32
Pirque,Quilicura,32
Curacavi,Lo Prado,32
Pedro Aguirre Cerda,Calera de Tango,32
Talagante,Pudahuel,32
Padre Hurtado,Independencia,32
Calera de Tango,San Ramon,31
Independencia,Padre Hurtado,31
Calera de Tango,Penalolen,31
Pirque,Paine,31
Penalolen,Buin,30
San Ramon,San Jose de Maipo,30
Lo Barnechea,Pudahuel,30
Quinta Normal,Penaflor,29
Colina,Cerrillos,29
Cerrillos,Colina,29
Penaflor,La Pintana,29
La Cisterna,Lo Barnechea,29
Padre Hurtado,Buin,29
Quinta Normal,Calera de Tango,29
Vitacura,El Bosque,29
Santiago,San Jose de Maipo,29
Colina,Pedro Aguirre Cerda,28
La Cisterna,Talagante,28
Vitacura,Lampa,28
Talagante,El Bosque,28
Colina,La Cisterna,28
Conchali,La Pintana,28
La Granja,Lo Barnechea,28
La Granja,Penaflor,28
Pirque,Macul,28
San Joaquin,Colina,27
La Reina,Pedro Aguirre Cerda,27
Las Condes,San Jose de Maipo,27
San Ramon,Lo Prado,27
Padre Hurtado,Conchali,27
Penaflor,San Ramon,27
Macul,Buin,27
Providencia,Pirque,27
Vitacura,Pedro Aguirre Cerda,27
La Cisterna,Lampa,27
Quilicura,Pirque,26
La Florida,La Barnechea,26
Pirque,Calera de Tango,25
Pedro Aguirre Cerda,Vitacura,25
Lampa,Macul,25
Calera de Tango,San Joaquin,25
Lo Espejo,Lampa,25
Vitacura,Lo Espejo,24
Maria Pinto,Padre Hurtado,24
La Barnechea,La Florida,24
La Barnechea,El Bosque,24
San Ramon,Independencia,24
Cerrillos,Vitacura,24
El Bosque,La Barnechea,24
Vitacura,Cerrillos,24
Lo Espejo,Vitacura,23
Pirque,San Joaquin,23
Renca,Penaflor,23
Calera de Tango,Pirque,23
San Jose de Maipo,San Ramon,23
San Bernardo,Vitacura,23
Talagante,Lo Espejo,23
Vitacura,La Pintana,23
Lo Espejo,Pirque,22
San Jose de Maipo,Cerrillos,22
San Bernardo,Curacavi,22
Vitacura,San Ramon,22
La Florida,Penaflor,22
Lo Espejo,Colina,22
Pirque,Maipu,22
Quilicura,Isla de Maipo,22
Curacavi,Quilicura,22
Calera de Tango,Quinta Normal,22
Maria Pinto,Pudahuel,22
San Joaquin,Lo Barnechea,22
San Ramon,La Barnechea,22
Lampa,Pedro Aguirre Cerda,22
Paine,Pirque,21
Puente Alto,Penaflor,21
Lo Barnechea,Lo Prado,21
San Joaquin,Calera de Tango,21
Providencia,San Jose de Maipo,21
Lo Espejo,San Jose de Maipo,21
La Cisterna,Colina,20
Lampa,San Joaquin,20
La Granja,La Barnechea,20
Colina,San Joaquin,20
Penaflor,Renca,20
Independencia,San Ramon,19
La Barnechea,San Ramon,19
San Ramon,Penaflor,19
Penaflor,Puente Alto,19
Isla de Maipo,El Bosque,19
Buin,San Jose de Maipo,19
Pirque,Cerrillos,18
Lampa,Lo Espejo,18
Macul,Calera de Tango,18
Pedro Aguirre Cerda,Lo Barnechea,18
Lo Prado,Lo Barnechea,18
La Barnechea,La Granja,18
Talagante,La Cisterna,17
San Ramon,Vitacura,17
Estacion Central,Pirque,17
La Reina,Lampa,17
Colina,Lo Espejo,17
Lampa,Curacavi,17
La Reina,La Barnechea,17
Lo Barnechea,San Joaquin,17
San Joaquin,Lampa,17
Lo Espejo,Curacavi,16
Calera de Tango,Lo Prado,16
Pirque,Providencia,16
Buin,San Miguel,16
San Jose de Maipo,Lo Espejo,16
San Jose de Maipo,Buin,15
Calera de Tango,Renca,15
Paine,La Pintana,15
Pedro Aguirre Cerda,Lampa,15
San Miguel,Buin,15
Cerrillos,Pirque,15
Las Condes,Pirque,14
Isla de Maipo,Quilicura,14
Pirque,Lo Espejo,14
Calera de Tango,Macul,14
Puente Alto,Lo Barnechea,13
Cerro Navia,La Pintana,13
Penaflor,San Joaquin,13
Penalolen,Calera de Tango,13
Buin,Penalolen,13
Cerrillos,San Jose de Maipo,13
Calera de Tango,Providencia,12
Lo Barnechea,Pedro Aguirre Cerda,12
Lo Prado,La Pintana,12
Providencia,Calera de Tango,12
Pedro Aguirre Cerda,San Jose de Maipo,12
Calera de Tango,Nunoa,12
Lo Prado,Calera de Tango,12
Pirque,Estacion Central,12
Curacavi,Lampa,12
San Jose de Maipo,Pedro Aguirre Cerda,12
Lo Barnechea,Puente Alto,11
La Cisterna,La Barnechea,11
Padre Hurtado,Maria Pinto,11
Recoleta,Calera de Tango,11
El Bosque,Isla de Maipo,11
Independencia,La Pintana,11
Buin,Macul,10
Pirque,Las Condes,10
Penalolen,La Barnechea,10
Pedro Aguirre Cerda,Pirque,10
Lo Barnechea,Lampa,10
Curacavi,Lo Espejo,10
Talagante,La Pintana,10
La Florida,Colina,10
Maipu,Lo Barnechea,10
Lo Barnechea,San Ramon,10
La Barnechea,Penalolen,10
La Barnechea,La Cisterna,9
Buin,La Barnechea,9
Buin,San Joaquin,9
Lampa,Lo Barnechea,9
Curacavi,El Monte,9
Macul,Lampa,9
Quilicura,Calera de Tango,9
Estacion Central,San Jose de Maipo,8
La Barnechea,Colina,8
Colina,La Barnechea,8
Calera de Tango,Cerro Navia,8
Maipu,La Barnechea,8
Pedro Aguirre Cerda,Curacavi,8
Pirque,Pedro Aguirre Cerda,8
Nunoa,Calera de Tango,8
Santiago,La Barnechea,7
Lo Barnechea,Cerrillos,7
Quilicura,San Jose de Maipo,7
Padre Hurtado,Pirque,7
San Joaquin,Buin,7
La Barnechea,Estacion Central,7
Renca,Calera de Tango,7
San Ramon,Lo Barnechea,7
Cerrillos,Lo Barnechea,7
San Jose de Maipo,La Barnechea,7
San Joaquin,Penaflor,7
Penaflor,Pirque,7
Maipu,San Jose de Maipo,6
Colina,La Florida,6
La Cisterna,Curacavi,6
Santiago,Curacavi,6
La Barnechea,Buin,6
La Barnechea,Santiago,6
San Jose de Maipo,Quilicura,6
Buin,Santiago,5
Calera de Tango,Recoleta,5
Pirque,Padre Hurtado,5
Talagante,Pedro Aguirre Cerda,5
Calera de Tango,Quilicura,5
San Jose de Maipo,Estacion Central,5
San Jose de Maipo,Recoleta,5
Pedro Aguirre Cerda,Buin,5
San Miguel,La Barnechea,5
Penaflor,Maria Pinto,5
Cerro Navia,Calera de Tango,5
Penaflor,Macul,5
Penaflor,La Barnechea,5
San Joaquin,La Barnechea,5
Providencia,La Barnechea,5
La Barnechea,Maipu,5
Cerrillos,La Barnechea,4
Lo Barnechea,Lo Espejo,4
Lo Barnechea,Maipu,4
Talagante,San Miguel,4
El Bosque,Curacavi,4
Buin,Pedro Aguirre Cerda,4
Maria Pinto,El Monte,4
Lampa,Penalolen,4
Pirque,La Barnechea,4
Estacion Central,Buin,4
Puente Alto,Talagante,4
La Barnechea,San Miguel,4
La Barnechea,Pudahuel,4
Penalolen,Lampa,4
Isla de Maipo,Lo Espejo,3
La Barnechea,Macul,3
La Barnechea,Pirque,3
La Barnechea,Providencia,3
Talagante,San Ramon,3
Santiago,Buin,3
San Ramon,Talagante,3
Curacavi,La Cisterna,3
Recoleta,Pirque,3
Maria Pinto,Penaflor,3
Curacavi,El Bosque,3
Penaflor,Paine,3
Paine,La Barnechea,3
Macul,Penaflor,3
La Barnechea,Penaflor,2
Padre Hurtado,Melipilla,2
El Monte,Maria Pinto,2
Pedro Aguirre Cerda,La Barnechea,2
Quilicura,Penaflor,2
San Jose de Maipo,Maipu,2
La Barnechea,Cerrillos,2
Pedro Aguirre Cerda,Talagante,2
La Barnechea,Las Condes,2
Lo Espejo,La Barnechea,2
La Barnechea,San Joaquin,2
Buin,Estacion Central,2
Pirque,Penaflor,2
La Barnechea,Recoleta,2
Pirque,Recoleta,2
El Monte,Curacavi,2
Buin,Nunoa,2
La Barnechea,Calera de Tango,2
Isla de Maipo,Curacavi,2
Lo Espejo,Lo Barnechea,2
San Jose de Maipo,Vitacura,2
Estacion Central,La Barnechea,2
Calera de Tango,Independencia,2
Las Condes,La Barnechea,2
Calera de Tango,La Barnechea,2
Pirque,Talagante,2
Isla de Maipo,La Pintana,2
Melipilla,Padre Hurtado,2
La Barnechea,Lo Prado,1
San Bernardo,Lampa,1
La Barnechea,Pedro Aguirre Cerda,1
La Barnechea,Paine,1
Huechuraba,La Barnechea,1
La Barnechea,Nunoa,1
Puente Alto,Isla de Maipo,1
Independencia,Calera de Tango,1
La Barnechea,Conchali,1
Quinta Normal,Pirque,1
Isla de Maipo,Pirque,1
La Barnechea,Lo Espejo,1
Recoleta,San Jose de Maipo,1
Recoleta,La Barnechea,1
La Barnechea,Cerro Navia,1
San Miguel,Curacavi,1
Quilicura,Talagante,1
Independencia,Curacavi,1
Lo Espejo,Isla de Maipo,1
Pudahuel,La Barnechea,1
Pirque,Quinta Normal,1
Curacavi,Santiago,1
Curacavi,San Miguel,1
Lo Prado,Pirque,1
Lo Barnechea,El Bosque,1
Curacavi,Pedro Aguirre Cerda,1
Macul,La Barnechea,1
Lampa,San Bernardo,1
Calera de Tango,Conchali,1
El Bosque,Lo Barnechea,1
Maria Pinto,Talagante,1
La Reina,Padre Hurtado,1
Nunoa,La Barnechea,1
Padre Hurtado,Las Condes,1
La Granja,Talagante,1
El Monte,Paine,1
Talagante,La Barnechea,1
Talagante,La Granja,1
Paine,Penaflor,1
Conchali,Calera de Tango,1
Talagante,Maria Pinto,1
San Ramon,Curacavi,1
San Miguel,Talagante,1
Talagante,Puente Alto,1
Talagante,Quilicura,1
La Barnechea,Renca,1
Pirque,Lo Prado,1
Colina,La Granja,1
La Barnechea,San Jose de Maipo,1
